variant,cv_rmse_log,std,cv_rmse
cấu hình tốt nhất,0.1127204770843188,0.009104186902021815,20722.733072916668
weight_decay=0,0.11737537384033203,0.01116312082547254,22064.880208333332
weight_decay=1e-3,0.12251223623752594,0.008823727169199151,22173.345052083332
epochs=150,0.11586361626784007,0.007115842034143537,20914.21875
epochs=30,0.11455388118823369,0.011009204297429142,21154.690104166668
dropout=0.2,0.11689577003320058,0.009720531863162924,22045.876302083332
lr=3e-3,0.11679042627414067,0.006881786726161552,21182.815755208332
batch_size=32,0.11381670584281285,0.01089560672647861,20959.938151041668
"hidden=(50,25,50)",0.11261874437332153,0.008667167841261057,20739.551432291668
optimizer=adamax,0.11423835158348083,0.01104615713768132,21119.613932291668
