experiment,epoch,train_loss_mse,val_loss_mse,train_rmse_log,val_rmse_log
EXP-00,1,0.016697216778993607,0.022228632122278214,0.12921771077910957,0.14909269640823528
EXP-00,2,0.0169697143137455,0.02201106771826744,0.13026785602651753,0.14836127432139237
EXP-00,3,0.016813579946756363,0.02255670167505741,0.12966718916810205,0.15018888665629496
EXP-00,4,0.01393753569573164,0.01986086182296276,0.11805734071090895,0.14092856993158898
EXP-00,5,0.012157884426414967,0.016837146133184433,0.11026279710951907,0.12975802916653917
EXP-00,6,0.011129681952297688,0.017261235043406487,0.1054973077964442,0.13138201948290523
EXP-00,7,0.013216493651270866,0.018024856224656105,0.11496300992611,0.13425668037254648
EXP-00,8,0.012116982601583004,0.017636610195040703,0.1100771665768292,0.13280289979906576
EXP-00,9,0.014534088782966137,0.020314672961831093,0.12055740866062996,0.14252955118792415
EXP-00,10,0.014201300218701363,0.020174942910671234,0.11916920834973002,0.1420385261493206
EXP-00,11,0.012236514128744602,0.017918631434440613,0.11061877837304389,0.13386049243313208
EXP-00,12,0.012692408636212349,0.016412317752838135,0.11266059043078173,0.12811056846661065
EXP-00,13,0.012817366980016232,0.017649296671152115,0.11321381090669208,0.1328506555164562
EXP-00,14,0.014154628850519657,0.01883178949356079,0.11897322745273264,0.13722896739960114
EXP-00,15,0.012027272954583168,0.01839565299451351,0.1096689242884381,0.1356305754412091
EXP-00,16,0.011428849771618843,0.01694469153881073,0.10690579858744259,0.1301717770440687
EXP-00,17,0.018161524087190628,0.024212263524532318,0.1347646989652358,0.15560290332937982
EXP-00,18,0.011171241290867329,0.0163319893181324,0.10569409298001156,0.12779667178034176
EXP-00,19,0.010733300819993019,0.015424713492393494,0.10360164487107827,0.12419627004219368
EXP-00,20,0.010324990376830101,0.01541102398186922,0.10161195981197342,0.12414114540259898
EXP-00,21,0.010019754059612751,0.01508737076073885,0.10009872156832349,0.12283065887936469
EXP-00,22,0.010983561165630817,0.016418004408478737,0.10480248644774998,0.1281327608712102
EXP-00,23,0.016245726495981216,0.019818788394331932,0.12745872467579933,0.1407792186167118
EXP-00,24,0.011395914480090141,0.016958482563495636,0.10675164860595897,0.13022473867701034
EXP-00,25,0.013870038092136383,0.019038064405322075,0.11777112588464281,0.13797849254620112
EXP-00,26,0.011299552395939827,0.015303471125662327,0.10629935275409642,0.12370719916667068
EXP-00,27,0.010183923877775669,0.015059560537338257,0.10091542933454561,0.12271740111874214
EXP-00,28,0.009999951347708702,0.014578322879970074,0.09999975673824762,0.1207407258549081
EXP-00,29,0.010187861509621143,0.014831856824457645,0.10093493701202345,0.1217861109669639
EXP-00,30,0.00962876621633768,0.014864507131278515,0.09812627689022793,0.12192008501997739
EXP-00,31,0.0097816102206707,0.014502141624689102,0.0989020233396198,0.12042483807209002
EXP-00,32,0.010091581381857395,0.014808651059865952,0.10045686328896297,0.12169080104866575
EXP-00,33,0.010383297689259052,0.015277010388672352,0.10189846755108269,0.12360020383750324
EXP-00,34,0.009516985155642033,0.014303328469395638,0.09755503654677206,0.1195965236509642
EXP-00,35,0.00987324770539999,0.01443062536418438,0.09936421742961593,0.1201275379094418
EXP-00,36,0.010194375179708004,0.014439506456255913,0.10096719853352376,0.12016449748680312
EXP-00,37,0.010632924735546112,0.015829555690288544,0.10311607408908716,0.12581556219438256
EXP-00,38,0.011151212267577648,0.01632656529545784,0.10559930050704715,0.1277754487194541
EXP-00,39,0.011400177143514156,0.015340818092226982,0.10677161206760043,0.12385805622658133
EXP-00,40,0.009322462603449821,0.014154681004583836,0.09655290054394959,0.11897344663656607
EXP-00,41,0.009234129451215267,0.013975492678582668,0.09609437783354065,0.11821798796537973
EXP-00,42,0.009309916757047176,0.013884750194847584,0.09648790990091544,0.11783356989774851
EXP-00,43,0.00959523394703865,0.014660204760730267,0.0979552650296994,0.12107933250860886
EXP-00,44,0.009515785612165928,0.01423165574669838,0.09754888831845254,0.11929650349737153
EXP-00,45,0.009418577887117863,0.01432052068412304,0.09704935799436214,0.11966837796227973
EXP-00,46,0.009533013217151165,0.0145601537078619,0.09763715080414404,0.12066546195105665
EXP-00,47,0.009149620309472084,0.01402133610099554,0.09565364765377264,0.11841172281913451
EXP-00,48,0.009150832891464233,0.01381263043731451,0.09565998584290211,0.11752714766093199
EXP-00,49,0.009061981923878193,0.01391165517270565,0.09519444271530872,0.11794767981060776
EXP-00,50,0.00906289927661419,0.014025113545358181,0.0951992609037181,0.11842767221117782
EXP-00,51,0.009075388312339783,0.014006265439093113,0.09526483250570371,0.11834806901294635
EXP-00,52,0.009074149653315544,0.014013398438692093,0.09525833114912073,0.1183782008593309
EXP-00,53,0.009060055948793888,0.014022675342857838,0.095184326171875,0.11841737770639002
EXP-00,54,0.009112413972616196,0.013836572878062725,0.09545896486248003,0.11762896275179309
EXP-00,55,0.009074407629668713,0.01402659434825182,0.09525968522763821,0.11843392397557306
EXP-00,56,0.00902140699326992,0.013898060657083988,0.09498108755573353,0.11789003629265701
EXP-00,57,0.009023955091834068,0.013914723880589008,0.09499450032414544,0.1179606878607827
EXP-00,58,0.009025064297020435,0.013932213187217712,0.09500033840476799,0.11803479651025672
EXP-00,59,0.009025863371789455,0.013934904709458351,0.09500454395337865,0.11804619735280909
EXP-00,60,0.00902580190449953,0.013935533352196217,0.09500422045624884,0.11804886002073979
EXP-01,1,0.014692706055939198,0.01944357343018055,0.12121347307927118,0.13944021453720068
EXP-01,2,0.016018185764551163,0.02061583288013935,0.12656297153808915,0.14358214680154127
EXP-01,3,0.016065936535596848,0.021375158801674843,0.12675147547700125,0.14620245826139464
EXP-01,4,0.013217916712164879,0.019053347408771515,0.11496919897157186,0.1380338632682992
EXP-01,5,0.012216253206133842,0.016949700191617012,0.11052716049068592,0.1301910142506656
EXP-01,6,0.01094962377101183,0.016879921779036522,0.10464044997519759,0.12992275312290963
EXP-01,7,0.013007501140236855,0.0178062841296196,0.11405043244212998,0.1334401893344715
EXP-01,8,0.012020355090498924,0.0173956248909235,0.10963737998738808,0.13189247473197058
EXP-01,9,0.015046211890876293,0.020834626629948616,0.12266300131203497,0.1443420473387731
EXP-01,10,0.014653030782938004,0.020457640290260315,0.1210497037705504,0.14303020761454663
EXP-01,11,0.01232135109603405,0.01785154826939106,0.11100158150240046,0.13360968628580436
EXP-01,12,0.012383566237986088,0.01611531339585781,0.11128147302217961,0.1269461042957121
EXP-01,13,0.012414984405040741,0.017316628247499466,0.11142254890748435,0.13159266031013836
EXP-01,14,0.014890528284013271,0.019439678639173508,0.12202675232920554,0.13942624802802916
EXP-01,15,0.01175856776535511,0.01784835197031498,0.10843692989639235,0.13359772442042184
EXP-01,16,0.011385002173483372,0.01673608459532261,0.10670052564764324,0.12936801998686773
EXP-01,17,0.017115125432610512,0.022913755849003792,0.13082478906006503,0.15137290328524386
EXP-01,18,0.010894088074564934,0.015996625646948814,0.10437474826108532,0.12647776740181974
EXP-01,19,0.010713548399508,0.015262926928699017,0.10350627227133628,0.12354321886975025
EXP-01,20,0.010175437666475773,0.015031558461487293,0.1008733744180087,0.12260325632497407
EXP-01,21,0.009840646758675575,0.014715317636728287,0.09920003406589926,0.1213067089518477
EXP-01,22,0.01122406218200922,0.01645350642502308,0.10594367457290321,0.1282712221233706
EXP-01,23,0.015428327023983002,0.018888117745518684,0.12421081685579159,0.13743404871253223
EXP-01,24,0.011175856925547123,0.01647164486348629,0.10571592560038967,0.12834190610820104
EXP-01,25,0.013511473312973976,0.018354464322328568,0.11623886317825882,0.13547864895373207
EXP-01,26,0.011385094374418259,0.01522807590663433,0.10670095770150453,0.12340209036574028
EXP-01,27,0.010144666768610477,0.014858930371701717,0.1007207365372716,0.12189721232129026
EXP-01,28,0.009981630370020866,0.014413814060389996,0.09990810963090467,0.12005754478744764
EXP-01,29,0.010224757716059685,0.014672248624265194,0.10111754405670503,0.12112905772053705
EXP-01,30,0.0096972044557333,0.014737475663423538,0.09847438476950897,0.12139800518716747
EXP-01,31,0.00978599302470684,0.014321531169116497,0.0989241781603812,0.11967259990957202
EXP-01,32,0.009977616369724274,0.014616747386753559,0.0998880191500676,0.12089974105329407
EXP-01,33,0.010420892387628555,0.015060117468237877,0.10208277223718287,0.12271967025802293
EXP-01,34,0.009589707478880882,0.01422578189522028,0.09792705182369621,0.11927188224900402
EXP-01,35,0.009863048791885376,0.014169452711939812,0.09931288331271716,0.11903551029814512
EXP-01,36,0.010186715051531792,0.014278624206781387,0.1009292576586779,0.11949319732428866
EXP-01,37,0.01061321422457695,0.015565050765872002,0.1030204553696835,0.12475997261089793
EXP-01,38,0.011303413659334183,0.016223985701799393,0.10631751341775345,0.1273734104976364
EXP-01,39,0.011414079926908016,0.015255180187523365,0.10683669747286284,0.12351186253766626
EXP-01,40,0.00937253050506115,0.014001916162669659,0.0968118303982584,0.11832969265011069
EXP-01,41,0.009263482876121998,0.013790505938231945,0.09624698891976828,0.1174329848817271
EXP-01,42,0.009504497982561588,0.013890736736357212,0.09749101488117552,0.11785896968986795
EXP-01,43,0.009669824503362179,0.014549246989190578,0.09833526581731591,0.12062025944753468
EXP-01,44,0.009617730975151062,0.014118166640400887,0.09807003097353983,0.11881989160237812
EXP-01,45,0.00951046496629715,0.014277077279984951,0.09752161281632472,0.11948672428343222
EXP-01,46,0.009596265852451324,0.014400050975382328,0.09796053211600744,0.1200002123972384
EXP-01,47,0.009239011444151402,0.013914121314883232,0.0961197765506735,0.11795813373770896
EXP-01,48,0.00922063272446394,0.013727747835218906,0.0960241257417319,0.11716547202661245
EXP-01,49,0.009142158553004265,0.013830674812197685,0.09561463566318842,0.11760388944332448
EXP-01,50,0.009140968322753906,0.013922316953539848,0.09560841135984798,0.1179928682316853
EXP-01,51,0.009150686673820019,0.013887514360249043,0.09565922158276231,0.11784529842233436
EXP-01,52,0.009151892736554146,0.013910330832004547,0.09566552532942128,0.11794206557460551
EXP-01,53,0.009149543009698391,0.013951187022030354,0.09565324359214585,0.11811514306823809
EXP-01,54,0.009193913079798222,0.013757527805864811,0.09588489495117686,0.11729248827552774
EXP-01,55,0.009162042289972305,0.013935056515038013,0.09571855770942386,0.11804684034330615
EXP-01,56,0.009104658849537373,0.013809950090944767,0.0954183360237296,0.11751574401306732
EXP-01,57,0.009107144549489021,0.013822763226926327,0.09543136040887723,0.11757024805164921
EXP-01,58,0.009108642116189003,0.013840679079294205,0.09543920638914075,0.11764641549700613
EXP-01,59,0.00910920463502407,0.01384258083999157,0.09544215334444246,0.11765449774654418
EXP-01,60,0.009109178557991982,0.013843010179698467,0.09544201673263186,0.11765632231078135
EXP-02,1,0.014762656763195992,0.020211970433592796,0.12150167391108647,0.14216880963696923
EXP-02,2,0.0155715923756361,0.02037450298666954,0.1247861866379292,0.14273928326382174
EXP-02,3,0.017107153311371803,0.022530043497681618,0.13079431681602913,0.15010011158450756
EXP-02,4,0.013213854283094406,0.019157497212290764,0.11495153014681625,0.13841061090931853
EXP-02,5,0.012098542414605618,0.01684747263789177,0.10999337441230547,0.12979781445730035
EXP-02,6,0.01082946453243494,0.01684831827878952,0.10406471319537157,0.12980107194776752
EXP-02,7,0.013018237426877022,0.0179899875074625,0.1140974908877361,0.1341267591029564
EXP-02,8,0.011949362233281136,0.01751091331243515,0.10931313842938156,0.1323288075682508
EXP-02,9,0.015185591764748096,0.02105121687054634,0.12322983309551343,0.14509037483770706
EXP-02,10,0.01406795997172594,0.020096654072403908,0.11860843128431445,0.14176266811965663
EXP-02,11,0.011973791755735874,0.0175726730376482,0.109424822392983,0.1325619592403801
EXP-02,12,0.012596589513123035,0.01645715720951557,0.1122345290591226,0.12828545205718211
EXP-02,13,0.012287207879126072,0.017180385068058968,0.11084767872682798,0.1310739679267358
EXP-02,14,0.014558755792677402,0.019446581602096558,0.12065966928794974,0.13945100072102945
EXP-02,15,0.011577594093978405,0.017686933279037476,0.10759922905847609,0.13299223014536404
EXP-02,16,0.011234423145651817,0.016694510355591774,0.10599256174681229,0.1292072380154911
EXP-02,17,0.017073534429073334,0.022856956347823143,0.13066573548208166,0.15118517238083615
EXP-02,18,0.010784557089209557,0.01606479100883007,0.10384872213566018,0.12674695660579022
EXP-02,19,0.010778827592730522,0.01539541594684124,0.10382113268853563,0.12407826540873805
EXP-02,20,0.01006824616342783,0.015049546025693417,0.10034065060297262,0.12267659118875703
EXP-02,21,0.00979671161621809,0.01467161625623703,0.0989783391263871,0.12112644738551953
EXP-02,22,0.01133426558226347,0.016621720045804977,0.10646250787137916,0.12892524983805528
EXP-02,23,0.013886823318898678,0.017685288563370705,0.11784236640062298,0.1329860464987613
EXP-02,24,0.011034021154046059,0.016462797299027443,0.10504294909248339,0.1283074327505131
EXP-02,25,0.012758425436913967,0.01760813780128956,0.11295320020660754,0.1326956585623266
EXP-02,26,0.011294015683233738,0.01517928671091795,0.10627330654135937,0.12320424794185446
EXP-02,27,0.010065395385026932,0.014877433888614178,0.10032644409639431,0.12197308673889572
EXP-02,28,0.009803589433431625,0.014403418637812138,0.09901307708293701,0.12001424347889769
EXP-02,29,0.010074865072965622,0.014596455730497837,0.10037362737774112,0.12081579255419317
EXP-02,30,0.009592981077730656,0.014705512672662735,0.09794376487419021,0.12126628827775152
EXP-02,31,0.00972016155719757,0.01427087839692831,0.0985908796856868,0.1194607818362508
EXP-02,32,0.009819078259170055,0.014509947039186954,0.09909126227458229,0.12045724153900816
EXP-02,33,0.010307267308235168,0.014965339563786983,0.10152471279563005,0.12233290466504498
EXP-02,34,0.009476562030613422,0.014166292734444141,0.09734763495130953,0.11902223630248317
EXP-02,35,0.00974231492727995,0.014137065969407558,0.09870316574092215,0.11889939431892645
EXP-02,36,0.009929672814905643,0.014130678959190845,0.09964774365185418,0.11887253240000756
EXP-02,37,0.010506530292332172,0.015488332137465477,0.10250136727054997,0.12445212789448591
EXP-02,38,0.011137058958411217,0.01609087735414505,0.10553226501128087,0.1268498220501119
EXP-02,39,0.011198018677532673,0.01513481792062521,0.1058206911597759,0.12302364781059456
EXP-02,40,0.009244458749890327,0.013954438269138336,0.09614810840515962,0.11812890530745782
EXP-02,41,0.009131972678005695,0.013729105703532696,0.09556135556806264,0.11717126654403244
EXP-02,42,0.009406252764165401,0.013849400915205479,0.09698583795671098,0.11768347766447709
EXP-02,43,0.009543323889374733,0.014489622786641121,0.09768993750317753,0.12037284904263552
EXP-02,44,0.009497979655861855,0.014100180938839912,0.09745757875025346,0.11874418275789309
EXP-02,45,0.00937832985073328,0.014227936044335365,0.09684177740383165,0.11928091232186047
EXP-02,46,0.009442552924156189,0.014307761564850807,0.09717279930184264,0.11961505576160054
EXP-02,47,0.009098785929381847,0.01386167760938406,0.09538755647033761,0.11773562591409645
EXP-02,48,0.009060614742338657,0.01365575846284628,0.09518726144993697,0.11685785580287822
EXP-02,49,0.008985400199890137,0.013772912323474884,0.09479135087068934,0.11735805180504184
EXP-02,50,0.008974630385637283,0.013836301863193512,0.09473452583740145,0.11762781075576265
EXP-02,51,0.008986279368400574,0.01381092518568039,0.0947959881450717,0.11751989272323383
EXP-02,52,0.008993858471512794,0.013853413984179497,0.09483595558390708,0.11770052669457132
EXP-02,53,0.008976713754236698,0.013864504173398018,0.09474552102467271,0.11774762916253566
EXP-02,54,0.009027233347296715,0.013688977807760239,0.09501175373234995,0.1169999051613301
EXP-02,55,0.008993897587060928,0.013859406113624573,0.09483616181109887,0.11772597892404452
EXP-02,56,0.008935262449085712,0.013739860616624355,0.09452651717420732,0.11721715154628334
EXP-02,57,0.008936702273786068,0.013747700490057468,0.09453413285044755,0.11725058844226527
EXP-02,58,0.008938132785260677,0.013765634037554264,0.0945416986586378,0.11732703881695074
EXP-02,59,0.008938988670706749,0.013768956996500492,0.09454622504736374,0.11734119905855953
EXP-02,60,0.008938868530094624,0.013769146054983139,0.09454558969140033,0.11734200464873241
EXP-03,1,0.014447917230427265,0.01976492442190647,0.12019948931017663,0.14058778190833823
EXP-03,2,0.014668281190097332,0.01892513409256935,0.12111267972469823,0.13756865228884577
EXP-03,3,0.018398217856884003,0.023548780009150505,0.13564003043675565,0.15345611753576494
EXP-03,4,0.012705070897936821,0.01829959638416767,0.11271677292194282,0.13527600076941834
EXP-03,5,0.012224617414176464,0.016850879415869713,0.11056499181104508,0.12981093719663883
EXP-03,6,0.01062827929854393,0.016595518216490746,0.10309354634769302,0.12882359340000862
EXP-03,7,0.013362198136746883,0.018521765246987343,0.11559497453067276,0.1360946922072545
EXP-03,8,0.011893955059349537,0.017382150515913963,0.10905941068678822,0.13184138392748296
EXP-03,9,0.014754202216863632,0.02079443819820881,0.1214668770359378,0.1442027676510018
EXP-03,10,0.014185139909386635,0.020253844559192657,0.11910138500196643,0.14231600247053267
EXP-03,11,0.01218251883983612,0.01766241155564785,0.11037444831044965,0.1329000058527006
EXP-03,12,0.01256193220615387,0.01631500944495201,0.11208002590182548,0.1277302213454279
EXP-03,13,0.012506091967225075,0.017255492508411407,0.11183063966205807,0.1313601633236325
EXP-03,14,0.01455296203494072,0.019667822867631912,0.12063565822318341,0.14024201534359063
EXP-03,15,0.01173645630478859,0.017797395586967468,0.10833492652320667,0.13340687983371574
EXP-03,16,0.011251257732510567,0.016659200191497803,0.1060719460201922,0.1290705241001903
EXP-03,17,0.017641128972172737,0.02346068248152733,0.13281991180607197,0.1531688038783594
EXP-03,18,0.010927223600447178,0.016174450516700745,0.104533361184108,0.1271788131596641
EXP-03,19,0.010886979289352894,0.015383741818368435,0.10434068856085288,0.12403121308109678
EXP-03,20,0.010131847113370895,0.01506107673048973,0.10065707681713638,0.12272357854336603
EXP-03,21,0.009759069420397282,0.014616580680012703,0.09878800241121025,0.12089905160923597
EXP-03,22,0.01096852496266365,0.01618196628987789,0.10473072597219811,0.12720835778311854
EXP-03,23,0.015711484476923943,0.019484257325530052,0.12534546053576867,0.13958602123970026
EXP-03,24,0.011128603480756283,0.01652456261217594,0.10549219630264735,0.1285479000691024
EXP-03,25,0.013525914400815964,0.018389038741588593,0.11630096474585223,0.13560618990882603
EXP-03,26,0.01125363726168871,0.01504229474812746,0.10608316200834471,0.12264703318110659
EXP-03,27,0.010050246492028236,0.014808960258960724,0.10025091766177623,0.12169207147123728
EXP-03,28,0.00980544462800026,0.014269252307713032,0.09902244507181318,0.11945397568818307
EXP-03,29,0.010018674656748772,0.014618865214288235,0.1000933297315499,0.12090849934677146
EXP-03,30,0.009594607166945934,0.014718199148774147,0.09795206565941289,0.121318585339486
EXP-03,31,0.009669371880590916,0.014342195354402065,0.09833296436389435,0.1197589051152442
EXP-03,32,0.009869326837360859,0.014550437219440937,0.09934448569176278,0.1206251931374244
EXP-03,33,0.0103922663256526,0.01499669998884201,0.10194246576207876,0.12246101415896411
EXP-03,34,0.009508966468274593,0.014303860254585743,0.09751392961148983,0.11959874687715479
EXP-03,35,0.009851047769188881,0.014180764555931091,0.0992524446509449,0.11908301539653374
EXP-03,36,0.010248922742903233,0.014184154570102692,0.10123696332320144,0.11909724837334694
EXP-03,37,0.010523996315896511,0.01555238664150238,0.10258653086978091,0.12470920832682077
EXP-03,38,0.01110878773033619,0.016064433380961418,0.1053982340000827,0.12674554580324082
EXP-03,39,0.011242305859923363,0.01518293097615242,0.10602974045013673,0.12321903658182212
EXP-03,40,0.009226945228874683,0.013946819119155407,0.09605698948475683,0.11809665160010002
EXP-03,41,0.009137318469583988,0.013723841868340969,0.09558932194332162,0.11714880224885345
EXP-03,42,0.009260100312530994,0.013711833395063877,0.09622941500669634,0.11709753795474898
EXP-03,43,0.009496531449258327,0.01438497006893158,0.09745014853379305,0.11993735893762035
EXP-03,44,0.009460977278649807,0.01396164484322071,0.09726755511808553,0.11815940437908745
EXP-03,45,0.009399399161338806,0.01422739028930664,0.09695049851000667,0.11927862461190035
EXP-03,46,0.009383788332343102,0.014163224957883358,0.09686995577754282,0.11900934819535547
EXP-03,47,0.009030724875628948,0.013733184896409512,0.09503012614760094,0.11718867221881776
EXP-03,48,0.009022892452776432,0.0135642783716321,0.09498890699853553,0.1164657819775066
EXP-03,49,0.008940882049500942,0.013675281777977943,0.094556237496534,0.11694136042469296
EXP-03,50,0.008933436125516891,0.013745665550231934,0.09451685630360804,0.11724191038289991
EXP-03,51,0.008941670879721642,0.013719144277274609,0.09456040862708685,0.1171287508568012
EXP-03,52,0.008955491706728935,0.013768122531473637,0.09463345976307183,0.11733764328412957
EXP-03,53,0.008941452950239182,0.013804995454847813,0.09455925629064127,0.11749466138871081
EXP-03,54,0.008967484347522259,0.01360001415014267,0.09469680220325424,0.11661909856512641
EXP-03,55,0.008947959169745445,0.013769041746854782,0.09459365290412167,0.11734156018587269
EXP-03,56,0.008887473493814468,0.013656461611390114,0.09427339759345936,0.11686086432758451
EXP-03,57,0.0088876998052001,0.01365868654102087,0.09427459787875045,0.11687038350677588
EXP-03,58,0.00888817198574543,0.013675585389137268,0.09427710212848839,0.11694265855169049
EXP-03,59,0.00888883974403143,0.013678103685379028,0.09428064352788132,0.11695342528279806
EXP-03,60,0.008888809010386467,0.01367880217730999,0.09428048053752414,0.11695641144165629
EXP-04,1,0.014750593341886997,0.01935192570090294,0.12145202074023716,0.13911119904918848
EXP-04,2,0.01443380955606699,0.018550755456089973,0.1201407905586899,0.13620115805708105
EXP-04,3,0.019132239744067192,0.024073919281363487,0.13831933973261726,0.15515772388561094
EXP-04,4,0.013293017633259296,0.018973657861351967,0.11529534957342943,0.1377449013987522
EXP-04,5,0.011739884503185749,0.016373135149478912,0.1083507475894179,0.1279575521392892
EXP-04,6,0.010812265798449516,0.016733206808567047,0.10398204555811313,0.1293568970274374
EXP-04,7,0.01394226960837841,0.019119327887892723,0.11807738821797513,0.1382726577740253
EXP-04,8,0.012128742411732674,0.017809173092246056,0.11013056983296088,0.13345101382996705
EXP-04,9,0.015128079801797867,0.02092904783785343,0.12299625930002045,0.14466875211272623
EXP-04,10,0.015068446286022663,0.02092408761382103,0.12275359989027883,0.1446516077125347
EXP-04,11,0.0119653744623065,0.01730681210756302,0.10938635409550178,0.13155535757833284
EXP-04,12,0.013253806158900261,0.01675667054951191,0.11512517604286328,0.1294475590712776
EXP-04,13,0.01255782414227724,0.0173808541148901,0.11206169792697789,0.13183646731800006
EXP-04,14,0.016353819519281387,0.021101629361510277,0.12788205315555967,0.14526399884868335
EXP-04,15,0.01214908529073,0.01799878291785717,0.11022288914163882,0.13415954277596942
EXP-04,16,0.011525715701282024,0.01670609414577484,0.1073578860693616,0.12925205664040645
EXP-04,17,0.01812857761979103,0.023506423458456993,0.13464240646910255,0.15331804674746216
EXP-04,18,0.011262799613177776,0.016383469104766846,0.10612633798062467,0.12799792617369565
EXP-04,19,0.011481248773634434,0.015733791515231133,0.10715058923605802,0.12543441120853213
EXP-04,20,0.010403134860098362,0.015211631543934345,0.10199575902996341,0.12333544317808383
EXP-04,21,0.010130305774509907,0.014647705480456352,0.10064942013995862,0.12102770542506518
EXP-04,22,0.011150547303259373,0.01611385866999626,0.1055961519339572,0.12694037446768566
EXP-04,23,0.015781505033373833,0.019395602867007256,0.12562446033067698,0.13926809708977594
EXP-04,24,0.011698749847710133,0.016798997297883034,0.10816075927853934,0.12961094590304878
EXP-04,25,0.013946807011961937,0.01846441440284252,0.1180966003404075,0.1358838268626643
EXP-04,26,0.011644981801509857,0.015207062475383282,0.1079119168651445,0.12331691885294281
EXP-04,27,0.010411474853754044,0.014871048741042614,0.10203663486098531,0.12194690951821048
EXP-04,28,0.010274402797222137,0.014435533434152603,0.10136272883669883,0.120147964752436
EXP-04,29,0.010462096892297268,0.014827486127614975,0.10228439222235848,0.1217681654933463
EXP-04,30,0.010090774856507778,0.014963553287088871,0.10045284892180897,0.12232560356314974
EXP-04,31,0.01012791134417057,0.01458699256181717,0.10063752453320068,0.12077662257993957
EXP-04,32,0.010418359190225601,0.014759991317987442,0.10207036391737614,0.12149070465672443
EXP-04,33,0.010816682130098343,0.015049359761178493,0.10400327941992187,0.1226758320174699
EXP-04,34,0.01007129717618227,0.01448046788573265,0.10035585272510154,0.12033481576722778
EXP-04,35,0.010346590541303158,0.014397253282368183,0.10171819179135637,0.119988554797398
EXP-04,36,0.010841196402907372,0.01466664019972086,0.10412106608610656,0.12110590489204422
EXP-04,37,0.010831472463905811,0.015554867684841156,0.10407436026181383,0.12471915524425731
EXP-04,38,0.011672960594296455,0.01631159335374832,0.10804147626859073,0.1277168483550558
EXP-04,39,0.011931324377655983,0.015700172632932663,0.10923060183692106,0.12530032973991992
EXP-04,40,0.009709620848298073,0.014210949651896954,0.09853740837011127,0.11920968774347558
EXP-04,41,0.009600305929780006,0.013956463895738125,0.09798115089026055,0.11813747879372627
EXP-04,42,0.0097428560256958,0.013951340690255165,0.09870590674167276,0.11811579356824034
EXP-04,43,0.009930582717061043,0.014541312120854855,0.09965230914063679,0.12058736302305832
EXP-04,44,0.009925072081387043,0.014210280030965805,0.09962465599131091,0.1192068791260211
EXP-04,45,0.009913901798427105,0.01455287728458643,0.09956857836901713,0.12063530695690391
EXP-04,46,0.00989772379398346,0.0144051443785429,0.0994873046875,0.12002143299653983
EXP-04,47,0.00946332048624754,0.013958447612822056,0.0972795995378658,0.11814587429454342
EXP-04,48,0.009460432454943657,0.013798901811242104,0.0972647544331638,0.11746872694995082
EXP-04,49,0.009358047507703304,0.013876349665224552,0.09673700175063989,0.11779791876440157
EXP-04,50,0.009344120509922504,0.013922905549407005,0.09666499112875615,0.11799536240635479
EXP-04,51,0.009362218901515007,0.01393077801913023,0.09675855983588742,0.1180287169257136
EXP-04,52,0.00937658827751875,0.013975290581583977,0.09683278513767302,0.11821713319812817
EXP-04,53,0.00936508271843195,0.014023258350789547,0.09677335748248042,0.11841983934624108
EXP-04,54,0.009379733353853226,0.0138258570805192,0.09684902350490286,0.11758340478366494
EXP-04,55,0.009355561807751656,0.013955310918390751,0.09672415317670999,0.11813259888104871
EXP-04,56,0.00929571595042944,0.013852134346961975,0.0964142932890629,0.1176950905813916
EXP-04,57,0.009298885241150856,0.01386793702840805,0.09643072768133017,0.11776220543284696
EXP-04,58,0.009298436343669891,0.013881373219192028,0.09642840008871811,0.11781923959690127
EXP-04,59,0.009298714809119701,0.013882099650800228,0.09642984397539851,0.11782232237908158
EXP-04,60,0.009298622608184814,0.013882569968700409,0.09642936590160081,0.11782431823991349
