id,hidden,dropout,batchnorm,optimizer,lr,weight_decay,batch_size,epochs,cosine,cv_rmse_log,cv_rmse_log_std,cv_rmse,cv_mae,sec
0,"(50, 25, 50)",0.0,False,adam,0.001,0.0,32,150,True,0.1319909170269966,0.011772813313632885,24582.021484375,16738.713541666668,22.4
1,"(50, 25, 50)",0.0,False,adamax,0.001,0.001,16,60,,0.11533732215563457,0.010239771483742893,21115.436197916668,13973.879557291666,14.3
2,"(256, 128, 64)",0.0,False,adam,0.001,0.01,16,60,,0.1127204770843188,0.009104186902021815,20722.733072916668,13572.205729166666,48.6
3,"(256, 128, 64)",0.0,True,adamax,0.01,0.0001,64,150,,0.12281888475020726,0.010404900300736661,23077.408854166668,15510.458984375,20.8
4,"(64, 32)",0.3,True,adamw,0.001,0.001,16,150,,0.12145266930262248,0.007746571202970937,23415.923828125,15174.509114583334,39.8
5,"(128, 64)",0.1,False,adamw,0.003,0.0001,16,60,,0.12104951093594234,0.009034607953334075,22629.412760416668,14974.8466796875,19.8
6,"(128, 64)",0.2,False,adamax,0.001,0.001,64,100,,0.11292801549037297,0.011253298347927113,20977.197916666668,13771.459635416666,8.3
7,"(128, 128)",0.0,False,adamax,0.01,0.001,64,100,,0.12092964599529903,0.008831707393333778,21815.1015625,14490.438802083334,8.5
8,"(50, 25, 50)",0.0,True,adam,0.003,0.0001,16,60,,0.12923417737086615,0.012538373020626182,26340.430989583332,16434.324544270832,17.5
9,"(128, 64)",0.3,True,adam,0.001,0.001,32,100,,0.11733147750298183,0.011230850975539632,22020.7578125,14333.861328125,18.9
10,"(50, 25, 50)",0.1,False,adamw,0.001,0.0001,32,100,,0.12327461689710617,0.00957137102005225,24152.465494791668,15544.8876953125,13.5
11,"(128, 64)",0.0,False,adamw,0.001,0.0001,32,100,,0.12103083978096645,0.012081488779252568,22838.209635416668,15071.751627604166,15.2
12,"(64, 32)",0.2,True,adamax,0.01,0.0001,32,100,,0.11976580570141475,0.008121875754504836,22413.662109375,14731.3916015625,14.5
13,"(64, 32)",0.2,True,adamax,0.001,0.0001,64,150,,0.11864364643891652,0.010218326151082707,22356.157552083332,14783.085286458334,13.1
14,"(256, 128, 64)",0.3,True,adamax,0.003,0.01,16,60,,0.12582158794005713,0.012869420992774085,26141.533203125,16474.912434895832,27.1
15,"(50, 25, 50)",0.0,True,adamax,0.001,0,64,60,,0.16648687918980917,0.015473066803513926,31232.602864583332,21459.203125,5.5
16,"(256, 128, 64)",0.0,True,adamax,0.003,0.01,64,100,,0.1273870567480723,0.010684805351184887,24217.794921875,15831.843424479166,13.5
17,"(256, 128, 64)",0.0,True,adamax,0.01,0,64,100,,0.12306368599335353,0.013148108607453282,23300.016927083332,15677.615559895834,13.2
18,"(50, 25, 50)",0.2,True,adamax,0.001,0.01,32,60,,0.13938013215859732,0.008809175217201926,29867.845703125,19139.622395833332,9.8
19,"(256, 128, 64)",0.1,False,adamax,0.01,0,32,150,,0.12009972582260768,0.010255260189142976,22378.450520833332,14767.561848958334,39.5
20,"(64, 32)",0.2,True,adamax,0.01,0.0001,64,60,,0.11812144766251247,0.011843545694700126,22366.375651041668,14734.225260416666,5.5
21,"(128, 128)",0.0,False,adam,0.003,0,32,60,,0.12048434466123581,0.009396597097161593,22502.213541666668,14989.244791666666,10.6
22,"(256, 128, 64)",0.0,False,adamax,0.01,0,32,60,,0.12633089224497476,0.005865373705597541,24913.606119791668,15766.328450520834,14.1
23,"(64, 32)",0.3,False,adamw,0.003,0.0001,64,150,,0.12190692871809006,0.00838343861870067,22557.501302083332,14890.078450520834,12.8
24,"(256, 128, 64)",0.1,True,adamw,0.003,0.001,64,150,,0.12178366382916768,0.00818135517980906,23415.21484375,15205.100911458334,24.4
