Id,SalePrice
1461,117428.9609375
1462,158880.359375
1463,184580.59375
1464,198246.84375
1465,191674.65625
1466,170651.609375
1467,177881.859375
1468,161750.796875
1469,191313.421875
1470,120718.421875
1471,168689.015625
1472,95248.6171875
1473,94853.9296875
1474,138258.203125
1475,107668.796875
1476,363389.4375
1477,244199.1875
1478,279824.53125
1479,282473.59375
1480,518470.28125
1481,329433.0625
1482,210285.78125
1483,181203.03125
1484,162339.28125
1485,192945.4375
1486,195721.109375
1487,333444.46875
1488,240019.40625
1489,188675.640625
1490,243098.484375
1491,196268.203125
1492,90334.8125
1493,170527.96875
1494,286730.71875
1495,287524.28125
1496,238683.84375
1497,177568.125
1498,162832.5
1499,158407.71875
1500,152612.546875
1501,176737.421875
1502,141877.21875
1503,280789.03125
1504,239214.796875
1505,225171.3125
1506,193279.515625
1507,254933.265625
1508,201903.1875
1509,163545.75
1510,143877.1875
1511,149186.765625
1512,176448.921875
1513,142359.578125
1514,152167.109375
1515,200265.46875
1516,153383.828125
1517,175334.4375
1518,133313.78125
1519,216235.546875
1520,129052.2734375
1521,132580.0625
1522,182305.796875
1523,112355.8828125
1524,128798.7421875
1525,121373.7734375
1526,112768.2109375
1527,108400.3125
1528,138763.59375
1529,152022.0625
1530,178443.078125
1531,103966.546875
1532,91562.0234375
1533,152280.046875
1534,127214.6875
1535,149121.484375
1536,109039.0078125
1537,56434.359375
1538,155237.328125
1539,194723.0
1540,90522.2109375
1541,144925.3125
1542,133299.046875
1543,193588.328125
1544,81557.7734375
1545,110106.96875
1546,137167.21875
1547,125062.875
1548,134715.828125
1549,112896.046875
1550,132096.8125
1551,106128.1015625
1552,136904.140625
1553,149713.703125
1554,123021.828125
1555,169749.28125
1556,80534.359375
1557,99743.328125
1558,101788.53125
1559,69293.7109375
1560,119745.515625
1561,119817.0234375
1562,129788.3828125
1563,120949.2421875
1564,157315.328125
1565,148382.09375
1566,244351.3125
1567,77686.703125
1568,236394.703125
1569,133275.53125
1570,140600.703125
1571,115649.2890625
1572,144027.515625
1573,239626.703125
1574,115875.9375
1575,224648.8125
1576,245774.140625
1577,178287.59375
1578,146385.65625
1579,140761.296875
1580,193962.359375
1581,155321.0
1582,123616.2109375
1583,307409.59375
1584,217175.25
1585,137264.96875
1586,66723.65625
1587,105482.109375
1588,156529.203125
1589,95102.390625
1590,132611.171875
1591,95924.46875
1592,114045.9296875
1593,124025.5
1594,114079.546875
1595,103853.7734375
1596,216859.421875
1597,191133.421875
1598,222703.171875
1599,168406.4375
1600,159049.390625
1601,62794.9921875
1602,113447.5625
1603,71084.078125
1604,257516.078125
1605,245770.390625
1606,165589.15625
1607,174173.65625
1608,213701.03125
1609,181084.1875
1610,154378.671875
1611,140316.3125
1612,171482.8125
1613,167728.765625
1614,122889.671875
1615,93012.8828125
1616,81312.7421875
1617,93037.28125
1618,121637.28125
1619,139448.53125
1620,153905.03125
1621,140764.921875
1622,136045.0
1623,268319.15625
1624,210640.640625
1625,117566.671875
1626,171631.703125
1627,195406.65625
1628,285381.4375
1629,181868.53125
1630,377208.5625
1631,226971.125
1632,248470.9375
1633,173192.59375
1634,186239.875
1635,172790.703125
1636,150005.96875
1637,197825.109375
1638,175815.84375
1639,186599.890625
1640,255585.421875
1641,183021.765625
1642,231527.875
1643,212672.265625
1644,238566.859375
1645,198275.203125
1646,161215.9375
1647,160094.71875
1648,128980.171875
1649,143499.25
1650,113781.8359375
1651,119639.5859375
1652,99177.4296875
1653,102090.296875
1654,139222.5
1655,130202.953125
1656,136351.671875
1657,145825.09375
1658,141636.171875
1659,118244.9375
1660,152457.625
1661,455427.75
1662,396797.875
1663,368781.625
1664,505040.4375
1665,295658.8125
1666,330986.84375
1667,368145.25
1668,323473.75
1669,296790.25
1670,340899.6875
1671,265916.65625
1672,447637.65625
1673,293084.78125
1674,235905.546875
1675,197078.859375
1676,195357.84375
1677,222667.28125
1678,474897.8125
1679,403011.5625
1680,328360.65625
1681,239745.5625
1682,316430.96875
1683,183395.328125
1684,170943.984375
1685,172692.34375
1686,169186.859375
1687,172127.5625
1688,191409.046875
1689,192687.078125
1690,197527.8125
1691,184804.984375
1692,261444.9375
1693,167537.875
1694,183012.171875
1695,166939.46875
1696,267168.84375
1697,172174.1875
1698,351075.9375
1699,309667.34375
1700,251539.1875
1701,269316.40625
1702,245460.484375
1703,246525.5625
1704,285106.9375
1705,235220.8125
1706,436636.8125
1707,208194.734375
1708,197849.078125
1709,262727.40625
1710,218764.65625
1711,269328.71875
1712,256495.484375
1713,280219.5
1714,228534.109375
1715,207672.40625
1716,182998.90625
1717,172488.421875
1718,140334.921875
1719,214106.359375
1720,231751.4375
1721,159898.046875
1722,127143.8515625
1723,155546.90625
1724,203254.96875
1725,234036.671875
1726,183213.171875
1727,156873.515625
1728,175119.375
1729,165909.71875
1730,153057.828125
1731,120154.5859375
1732,128353.875
1733,113647.8984375
1734,114578.4765625
1735,122452.953125
1736,108954.2890625
1737,313322.09375
1738,249909.421875
1739,236408.453125
1740,217380.1875
1741,190893.875
1742,174186.28125
1743,177081.265625
1744,331637.4375
1745,216588.046875
1746,181652.375
1747,210358.796875
1748,216728.96875
1749,142213.84375
1750,125569.0078125
1751,253197.9375
1752,117287.375
1753,151357.046875
1754,190171.59375
1755,169398.359375
1756,128269.8046875
1757,121274.3828125
1758,146339.171875
1759,161866.984375
1760,163870.65625
1761,146663.171875
1762,175617.765625
1763,182340.75
1764,116697.9296875
1765,171742.71875
1766,196163.421875
1767,239814.40625
1768,142324.5625
1769,175607.546875
1770,154944.171875
1771,117151.5546875
1772,133810.9375
1773,122424.9296875
1774,142905.859375
1775,143994.28125
1776,124672.046875
1777,108849.1875
1778,141266.8125
1779,119297.2109375
1780,178970.375
1781,128327.6796875
1782,87078.484375
1783,145907.3125
1784,116594.4765625
1785,123572.484375
1786,131806.75
1787,171965.609375
1788,59841.515625
1789,97762.53125
1790,83354.0078125
1791,186277.890625
1792,164849.21875
1793,119232.0390625
1794,154778.765625
1795,135504.78125
1796,121310.5859375
1797,107860.578125
1798,120590.2421875
1799,109368.109375
1800,129979.015625
1801,125994.1328125
1802,126411.6484375
1803,151785.34375
1804,135692.03125
1805,132626.46875
1806,122031.1640625
1807,133543.21875
1808,124476.375
1809,131745.796875
1810,141272.0625
1811,88870.609375
1812,98495.1015625
1813,119212.7109375
1814,92612.7109375
1815,57298.4375
1816,106644.7265625
1817,109966.2421875
1818,152397.15625
1819,128130.9140625
1820,61261.05078125
1821,106556.484375
1822,160131.21875
1823,50338.328125
1824,129408.078125
1825,138891.359375
1826,106542.5625
1827,104599.265625
1828,133940.015625
1829,116442.6875
1830,149608.21875
1831,153946.875
1832,72407.96875
1833,141547.046875
1834,126099.3125
1835,108855.9375
1836,124463.4375
1837,76285.9453125
1838,132048.6875
1839,100636.5234375
1840,148611.953125
1841,133555.0625
1842,89438.3203125
1843,125244.0625
1844,136975.703125
1845,142577.921875
1846,151391.40625
1847,173512.328125
1848,56357.98828125
1849,115465.796875
1850,120141.984375
1851,159555.0
1852,116972.03125
1853,130962.984375
1854,169956.953125
1855,148933.734375
1856,223533.671875
1857,143885.421875
1858,130115.1953125
1859,114966.390625
1860,139995.390625
1861,114296.46875
1862,322123.21875
1863,298515.28125
1864,298628.03125
1865,347751.34375
1866,328753.59375
1867,220625.375
1868,291818.5625
1869,202143.4375
1870,225248.625
1871,252794.765625
1872,174107.390625
1873,248944.84375
1874,148626.40625
1875,200990.0625
1876,202948.734375
1877,216130.8125
1878,195091.40625
1879,129003.9140625
1880,129303.59375
1881,251030.1875
1882,245111.9375
1883,187737.8125
1884,206454.796875
1885,237981.046875
1886,290744.34375
1887,215928.078125
1888,271691.5625
1889,172362.125
1890,115599.3359375
1891,129058.5546875
1892,97948.6171875
1893,131355.375
1894,128418.03125
1895,135205.171875
1896,130373.9296875
1897,109496.890625
1898,117511.4140625
1899,164288.296875
1900,147307.703125
1901,167989.21875
1902,154597.015625
1903,214309.828125
1904,131292.0
1905,196351.328125
1906,145123.65625
1907,204279.078125
1908,107125.140625
1909,125861.6640625
1910,116719.859375
1911,219171.4375
1912,343465.3125
1913,139228.46875
1914,64503.0859375
1915,299691.9375
1916,60574.9921875
1917,240825.8125
1918,140078.984375
1919,180647.09375
1920,161785.1875
1921,382695.53125
1922,317866.125
1923,242510.09375
1924,227837.078125
1925,200459.234375
1926,382631.3125
1927,134290.46875
1928,154596.875
1929,128004.015625
1930,132045.671875
1931,136940.703125
1932,139662.9375
1933,174557.453125
1934,181735.03125
1935,170146.21875
1936,200258.984375
1937,183980.765625
1938,172524.453125
1939,236851.0
1940,187746.40625
1941,166269.125
1942,182691.65625
1943,210228.03125
1944,358549.71875
1945,390498.9375
1946,135615.453125
1947,289701.15625
1948,172294.578125
1949,244288.859375
1950,191499.25
1951,245547.359375
1952,206046.25
1953,163261.046875
1954,183551.21875
1955,134576.109375
1956,292089.75
1957,159294.703125
1958,292068.0
1959,145531.265625
1960,110917.3359375
1961,122581.0078125
1962,100049.71875
1963,107169.796875
1964,105766.375
1965,138320.71875
1966,136388.078125
1967,289194.09375
1968,420592.8125
1969,382713.0625
1970,423388.96875
1971,469560.71875
1972,381030.53125
1973,262285.5625
1974,329497.5
1975,598796.125
1976,271213.90625
1977,354184.625
1978,365457.65625
1979,328009.8125
1980,205570.484375
1981,342990.03125
1982,220116.78125
1983,203620.875
1984,165715.53125
1985,232141.421875
1986,212756.453125
1987,180578.890625
1988,173427.296875
1989,194115.59375
1990,206976.234375
1991,233590.265625
1992,213899.0
1993,166716.890625
1994,227155.40625
1995,184160.875
1996,241243.015625
1997,300797.78125
1998,317666.4375
1999,274194.0625
2000,311527.84375
2001,258813.09375
2002,243818.484375
2003,267441.59375
2004,288011.40625
2005,226144.890625
2006,218358.40625
2007,250983.984375
2008,210951.84375
2009,202453.65625
2010,193137.453125
2011,140323.40625
2012,171013.125
2013,176807.546875
2014,188747.09375
2015,207815.046875
2016,192701.96875
2017,195765.90625
2018,113152.3671875
2019,131512.8125
2020,101801.9296875
2021,95260.0625
2022,191474.40625
2023,147208.28125
2024,269331.3125
2025,343582.25
2026,176490.671875
2027,159464.640625
2028,149256.21875
2029,165235.15625
2030,267921.28125
2031,234264.4375
2032,250599.15625
2033,254315.5
2034,168301.75
2035,225671.140625
2036,199877.1875
2037,205668.921875
2038,330405.3125
2039,226243.265625
2040,282037.25
2041,311246.59375
2042,208437.703125
2043,181608.21875
2044,172279.140625
2045,214855.8125
2046,146727.25
2047,146388.453125
2048,141938.25
2049,148031.0
2050,172236.75
2051,108239.6796875
2052,117899.46875
2053,147056.03125
2054,86823.578125
2055,153126.890625
2056,146078.15625
2057,109575.65625
2058,215765.046875
2059,131756.859375
2060,179526.46875
2061,174018.421875
2062,130694.484375
2063,118966.0234375
2064,142876.5625
2065,110312.1328125
2066,170766.046875
2067,117856.1875
2068,152963.859375
2069,90595.015625
2070,116883.71875
2071,91020.3984375
2072,141401.46875
2073,131026.078125
2074,181745.09375
2075,148291.0
2076,116718.75
2077,153344.921875
2078,125465.1015625
2079,135744.453125
2080,122411.3828125
2081,126281.875
2082,115719.34375
2083,146677.296875
2084,111419.3359375
2085,113951.671875
2086,113185.28125
2087,124479.9375
2088,98912.859375
2089,81872.375
2090,121534.3125
2091,105795.53125
2092,121066.03125
2093,105420.6640625
2094,108775.921875
2095,148286.75
2096,80058.65625
2097,98885.8828125
2098,141397.828125
2099,55516.6171875
2100,73920.7265625
2101,107859.03125
2102,129443.2578125
2103,108582.109375
2104,139215.734375
2105,136699.3125
2106,59607.87109375
2107,188677.796875
2108,118066.7890625
2109,114510.3125
2110,121684.6171875
2111,128006.9453125
2112,135164.171875
2113,115740.8671875
2114,124449.90625
2115,167368.59375
2116,110558.796875
2117,145220.15625
2118,125468.6953125
2119,119069.65625
2120,109179.2734375
2121,95106.109375
2122,119539.1015625
2123,80923.078125
2124,152955.6875
2125,124776.6015625
2126,150793.5625
2127,164632.875
2128,118567.78125
2129,79606.9453125
2130,133682.234375
2131,132181.875
2132,109448.5546875
2133,123226.2578125
2134,119868.0
2135,88873.0625
2136,73208.140625
2137,108401.5546875
2138,134862.625
2139,145731.53125
2140,137058.28125
2141,154481.328125
2142,126517.5390625
2143,150061.625
2144,119922.078125
2145,137328.34375
2146,172149.546875
2147,135473.90625
2148,128616.21875
2149,144781.515625
2150,243259.890625
2151,117354.171875
2152,180149.046875
2153,160506.421875
2154,107499.8125
2155,143270.078125
2156,255281.171875
2157,234329.6875
2158,237692.765625
2159,219080.125
2160,183965.859375
2161,234764.078125
2162,410581.0625
2163,344438.21875
2164,245931.234375
2165,199197.078125
2166,156987.5625
2167,220229.75
2168,198000.078125
2169,193673.28125
2170,220472.03125
2171,157720.03125
2172,128483.6953125
2173,174514.015625
2174,227407.484375
2175,301353.0625
2176,315444.53125
2177,239851.90625
2178,213401.640625
2179,137133.078125
2180,215650.671875
2181,193231.78125
2182,227346.328125
2183,188795.703125
2184,116475.5625
2185,125066.453125
2186,148188.78125
2187,147723.984375
2188,154025.578125
2189,311866.71875
2190,78491.1484375
2191,78415.4296875
2192,87530.671875
2193,108443.84375
2194,106653.4765625
2195,108894.6640625
2196,100436.609375
2197,119109.9765625
2198,167352.15625
2199,190507.59375
2200,139683.453125
2201,141304.0
2202,221229.640625
2203,133594.296875
2204,170872.4375
2205,119734.3203125
2206,129485.1171875
2207,205464.84375
2208,266577.09375
2209,256083.875
2210,116931.1015625
2211,111525.859375
2212,124027.390625
2213,105999.6328125
2214,124287.0546875
2215,100637.0
2216,146654.5
2217,57362.13671875
2218,83167.40625
2219,73029.5546875
2220,66222.203125
2221,301481.84375
2222,273755.625
2223,298125.25
2224,209723.609375
2225,125264.9609375
2226,188643.4375
2227,195451.578125
2228,268984.5
2229,257688.296875
2230,155775.21875
2231,211678.140625
2232,181295.6875
2233,172726.609375
2234,238501.578125
2235,220126.4375
2236,264278.90625
2237,322673.875
2238,190619.0
2239,104644.0625
2240,155718.34375
2241,150362.75
2242,125773.109375
2243,129841.3671875
2244,102056.6171875
2245,99661.2734375
2246,145121.578125
2247,116528.78125
2248,121883.3359375
2249,115816.5
2250,130208.9140625
2251,109345.1640625
2252,190453.640625
2253,156189.0625
2254,179258.71875
2255,185926.46875
2256,171127.15625
2257,206762.375
2258,158394.421875
2259,173506.859375
2260,129208.0546875
2261,190851.828125
2262,210440.453125
2263,371093.15625
2264,515435.34375
2265,159911.453125
2266,305857.96875
2267,377706.75
2268,382488.65625
2269,147306.578125
2270,197711.5625
2271,217916.546875
2272,181412.78125
2273,159719.421875
2274,185450.109375
2275,157559.171875
2276,188537.328125
2277,186036.4375
2278,150434.609375
2279,122905.5
2280,115216.6484375
2281,162085.265625
2282,185442.5
2283,109739.953125
2284,111927.5546875
2285,144583.640625
2286,124949.6171875
2287,360027.5625
2288,268881.90625
2289,383425.4375
2290,471926.625
2291,329723.8125
2292,463707.03125
2293,494690.46875
2294,399977.90625
2295,514039.75
2296,300312.5
2297,345275.875
2298,338591.8125
2299,349755.90625
2300,334418.3125
2301,302479.46875
2302,252284.171875
2303,244956.078125
2304,258695.625
2305,196385.796875
2306,191973.75
2307,201769.203125
2308,215151.078125
2309,282604.8125
2310,211030.515625
2311,204856.546875
2312,176265.765625
2313,169569.203125
2314,172454.046875
2315,179599.078125
2316,197750.609375
2317,194072.453125
2318,178679.609375
2319,183497.671875
2320,182610.3125
2321,243141.609375
2322,178567.515625
2323,198387.171875
2324,180279.65625
2325,217161.375
2326,179604.390625
2327,200017.15625
2328,219367.171875
2329,194798.78125
2330,182238.53125
2331,352263.84375
2332,398646.9375
2333,322552.0625
2334,251250.296875
2335,275694.15625
2336,298712.34375
2337,201320.59375
2338,272982.375
2339,216710.15625
2340,419056.15625
2341,221698.9375
2342,241554.5
2343,230609.84375
2344,215603.578125
2345,245912.0
2346,211954.6875
2347,196760.71875
2348,243457.40625
2349,181415.546875
2350,309835.71875
2351,255465.53125
2352,257955.3125
2353,239324.5625
2354,144166.734375
2355,147189.890625
2356,150319.875
2357,188232.4375
2358,200403.609375
2359,135086.859375
2360,116676.0078125
2361,150538.515625
2362,277424.59375
2363,137074.625
2364,150006.828125
2365,218276.578125
2366,190390.078125
2367,223048.78125
2368,210829.953125
2369,222874.0
2370,163991.1875
2371,161534.203125
2372,187499.484375
2373,291426.6875
2374,321147.8125
2375,252125.4375
2376,307250.75
2377,376729.3125
2378,143714.546875
2379,196697.875
2380,150592.21875
2381,175102.328125
2382,204237.0
2383,205171.921875
2384,253651.34375
2385,159103.25
2386,131362.140625
2387,131177.359375
2388,104563.0625
2389,115191.265625
2390,141739.53125
2391,141717.640625
2392,117421.7890625
2393,164314.78125
2394,144601.296875
2395,207960.578125
2396,145938.484375
2397,231600.09375
2398,130675.0390625
2399,64663.90625
2400,66979.5
2401,110615.109375
2402,135374.96875
2403,150462.015625
2404,152788.75
2405,157498.328125
2406,143014.796875
2407,124234.4375
2408,146824.671875
2409,117264.5625
2410,175007.34375
2411,114980.6484375
2412,152408.921875
2413,130378.8984375
2414,158534.515625
2415,134720.96875
2416,126137.796875
2417,135290.828125
2418,134770.6875
2419,127847.859375
2420,123419.609375
2421,155031.984375
2422,108006.2265625
2423,116624.28125
2424,153382.953125
2425,197663.875
2426,132823.8125
2427,134483.09375
2428,184988.734375
2429,112042.6875
2430,134384.375
2431,105390.0
2432,142294.4375
2433,140546.265625
2434,130972.6015625
2435,152318.6875
2436,109157.9296875
2437,103270.2734375
2438,118495.1015625
2439,102752.6484375
2440,124407.65625
2441,86268.921875
2442,95346.7734375
2443,131584.3125
2444,135498.0625
2445,88685.1015625
2446,148101.1875
2447,191224.765625
2448,128368.6875
2449,113495.1796875
2450,153456.40625
2451,112891.5234375
2452,202089.46875
2453,100265.203125
2454,124137.0859375
2455,118199.0546875
2456,129431.40625
2457,131824.59375
2458,136066.53125
2459,113146.3203125
2460,143157.9375
2461,128735.375
2462,139124.9375
2463,126541.1953125
2464,187035.5
2465,138578.96875
2466,111956.9140625
2467,127642.09375
2468,85087.8203125
2469,82907.578125
2470,201440.625
2471,216151.625
2472,158310.296875
2473,114473.078125
2474,73140.2421875
2475,230991.734375
2476,115974.109375
2477,130739.234375
2478,155770.46875
2479,105787.859375
2480,153100.75
2481,121643.3125
2482,125296.03125
2483,109696.84375
2484,121386.046875
2485,125037.0
2486,145817.734375
2487,165787.296875
2488,168972.390625
2489,154606.3125
2490,142464.296875
2491,90618.34375
2492,199147.6875
2493,152986.03125
2494,144952.546875
2495,91000.7890625
2496,237503.109375
2497,156111.625
2498,109566.046875
2499,84975.5078125
2500,123092.2421875
2501,144693.453125
2502,147144.421875
2503,86887.8515625
2504,176376.078125
2505,214516.359375
2506,250009.53125
2507,295025.375
2508,250246.40625
2509,218222.25
2510,217071.3125
2511,173397.03125
2512,209589.046875
2513,228190.0
2514,228613.453125
2515,152198.3125
2516,175986.4375
2517,144196.421875
2518,154086.5625
2519,234859.484375
2520,215961.03125
2521,187789.75
2522,226198.8125
2523,114735.171875
2524,131211.015625
2525,146901.984375
2526,140854.078125
2527,118928.9296875
2528,123591.21875
2529,126449.0234375
2530,123072.0546875
2531,262266.78125
2532,227058.375
2533,193992.140625
2534,233371.375
2535,303101.75
2536,229665.875
2537,245598.875
2538,182135.84375
2539,186223.890625
2540,178256.484375
2541,179855.5
2542,162083.40625
2543,120007.4296875
2544,116846.9375
2545,136751.984375
2546,122078.3125
2547,129242.3203125
2548,153350.046875
2549,161216.09375
2550,625000.0
2551,137423.1875
2552,135082.734375
2553,76821.0234375
2554,93372.390625
2555,126381.03125
2556,99618.5078125
2557,101207.171875
2558,130549.609375
2559,136177.265625
2560,146198.0
2561,147204.0625
2562,138836.265625
2563,152079.625
2564,202339.390625
2565,139217.71875
2566,149639.890625
2567,134518.109375
2568,199094.515625
2569,224577.6875
2570,112179.0078125
2571,190932.65625
2572,154069.0625
2573,232789.21875
2574,306108.34375
2575,129180.828125
2576,112170.984375
2577,147398.484375
2578,79849.2734375
2579,65244.7734375
2580,100095.2421875
2581,111494.8046875
2582,116559.34375
2583,287156.53125
2584,180790.671875
2585,189078.953125
2586,234511.453125
2587,205743.859375
2588,147967.78125
2589,148150.90625
2590,205481.296875
2591,232653.390625
2592,217683.078125
2593,230137.265625
2594,179801.984375
2595,198542.375
2596,289824.40625
2597,184843.0625
2598,293213.9375
2599,315729.53125
2600,162251.515625
2601,146458.828125
2602,83366.328125
2603,92995.4140625
2604,91670.1875
2605,82185.140625
2606,142153.78125
2607,201929.75
2608,182208.984375
2609,170996.8125
2610,114210.9375
2611,116884.1640625
2612,166269.28125
2613,130203.578125
2614,123948.640625
2615,157718.53125
2616,142701.171875
2617,189694.484375
2618,200497.28125
2619,204963.828125
2620,186541.890625
2621,173722.4375
2622,178885.75
2623,241717.1875
2624,323010.40625
2625,314468.9375
2626,173298.0
2627,161683.703125
2628,476670.15625
2629,502930.90625
2630,366724.3125
2631,493365.15625
2632,412590.78125
2633,316587.34375
2634,442249.125
2635,155424.875
2636,169741.1875
2637,172501.40625
2638,254733.734375
2639,184968.96875
2640,152658.984375
2641,107860.78125
2642,191894.5
2643,107833.0078125
2644,110786.671875
2645,111123.375
2646,97035.3125
2647,103567.9375
2648,140683.453125
2649,152262.921875
2650,132386.625
2651,135340.640625
2652,410774.15625
2653,253769.421875
2654,250637.875
2655,407660.28125
2656,321062.65625
2657,356906.375
2658,305775.71875
2659,305817.71875
2660,370193.21875
2661,361210.96875
2662,371993.875
2663,301139.03125
2664,270743.0625
2665,320359.1875
2666,277905.46875
2667,169867.671875
2668,177355.5625
2669,182225.3125
2670,279020.3125
2671,187624.34375
2672,195894.578125
2673,201551.703125
2674,198445.453125
2675,173962.34375
2676,193061.03125
2677,201438.90625
2678,244935.28125
2679,266203.90625
2680,282838.0625
2681,390149.40625
2682,304079.46875
2683,519089.21875
2684,305169.5
2685,324894.96875
2686,254108.953125
2687,320602.5
2688,221816.3125
2689,208074.640625
2690,462389.3125
2691,190369.5625
2692,145692.625
2693,203116.609375
2694,141038.234375
2695,194333.421875
2696,185229.34375
2697,188960.15625
2698,190055.5625
2699,180042.546875
2700,157304.984375
2701,147489.609375
2702,111721.3046875
2703,126364.3984375
2704,137457.796875
2705,113092.3828125
2706,106032.796875
2707,122108.703125
2708,136953.109375
2709,108532.828125
2710,123266.5703125
2711,309301.34375
2712,388368.625
2713,169600.90625
2714,147400.3125
2715,170471.21875
2716,145118.109375
2717,194064.5
2718,213343.65625
2719,146424.609375
2720,169120.390625
2721,133998.40625
2722,157975.9375
2723,134440.65625
2724,127032.5859375
2725,129482.1484375
2726,155082.546875
2727,163785.96875
2728,189055.515625
2729,145643.859375
2730,152357.484375
2731,128801.8125
2732,136361.421875
2733,156554.4375
2734,139535.9375
2735,138710.140625
2736,139177.359375
2737,119253.640625
2738,140339.609375
2739,161720.25
2740,139807.40625
2741,143398.15625
2742,151894.53125
2743,156658.6875
2744,161875.484375
2745,138471.171875
2746,139660.8125
2747,150806.359375
2748,125556.3125
2749,126511.265625
2750,134484.25
2751,136038.90625
2752,184262.953125
2753,144080.40625
2754,213099.234375
2755,140717.53125
2756,94382.09375
2757,66766.5546875
2758,93386.4609375
2759,167094.28125
2760,122093.328125
2761,142962.296875
2762,140259.328125
2763,181459.5
2764,141911.171875
2765,316219.8125
2766,129214.8359375
2767,81535.453125
2768,125149.734375
2769,128417.421875
2770,139857.140625
2771,107167.34375
2772,111960.65625
2773,180667.953125
2774,148099.5
2775,107711.8359375
2776,148509.515625
2777,149817.109375
2778,105136.625
2779,123414.078125
2780,90905.71875
2781,95309.2265625
2782,100368.71875
2783,99778.0546875
2784,121625.6796875
2785,136055.890625
2786,67100.6640625
2787,130293.1328125
2788,74558.28125
2789,170149.625
2790,93560.7421875
2791,114269.765625
2792,57403.3984375
2793,160498.765625
2794,90349.1953125
2795,121828.484375
2796,95414.265625
2797,197937.015625
2798,100033.2109375
2799,110789.1015625
2800,67396.3203125
2801,99304.5390625
2802,127897.734375
2803,160209.578125
2804,127889.5625
2805,103252.6484375
2806,82050.75
2807,158466.796875
2808,146167.46875
2809,133305.015625
2810,126817.125
2811,162608.734375
2812,162604.703125
2813,159056.671875
2814,159284.375
2815,92174.6953125
2816,237458.71875
2817,149286.96875
2818,136421.390625
2819,159402.0
2820,141428.171875
2821,98872.1171875
2822,208407.6875
2823,363148.3125
2824,178064.15625
2825,144626.125
2826,137941.0625
2827,139698.515625
2828,219189.828125
2829,216232.25
2830,238199.03125
2831,170392.546875
2832,254949.546875
2833,309622.15625
2834,228511.4375
2835,227146.734375
2836,190182.109375
2837,147793.453125
2838,150851.8125
2839,170382.46875
2840,205282.5
2841,203290.25
2842,235469.046875
2843,148416.78125
2844,174869.703125
2845,127893.34375
2846,208303.375
2847,209156.34375
2848,224517.734375
2849,197559.84375
2850,279144.59375
2851,215353.703125
2852,239991.484375
2853,227070.0625
2854,138767.5625
2855,204330.515625
2856,196778.734375
2857,188125.84375
2858,205371.390625
2859,112775.734375
2860,129270.671875
2861,130435.1171875
2862,193231.96875
2863,134203.40625
2864,243764.078125
2865,142004.734375
2866,142299.3125
2867,99453.8125
2868,92701.078125
2869,94019.234375
2870,122060.265625
2871,79848.7421875
2872,51803.05078125
2873,98046.5625
2874,143469.5625
2875,113070.2734375
2876,173870.609375
2877,157195.796875
2878,162312.1875
2879,140242.203125
2880,101884.5859375
2881,136997.78125
2882,176980.296875
2883,193888.015625
2884,207053.625
2885,193310.3125
2886,240973.53125
2887,91382.8359375
2888,144162.734375
2889,58566.30859375
2890,81368.90625
2891,140019.15625
2892,51219.00390625
2893,78768.6015625
2894,58453.09375
2895,338549.1875
2896,281717.09375
2897,217906.5625
2898,147527.59375
2899,207807.921875
2900,164400.203125
2901,208229.28125
2902,180080.15625
2903,334479.875
2904,355695.0
2905,83896.5625
2906,197064.203125
2907,111575.1171875
2908,129179.59375
2909,152697.125
2910,77773.2890625
2911,81083.0625
2912,144707.25
2913,78581.0234375
2914,80763.171875
2915,89850.734375
2916,81173.359375
2917,173936.625
2918,120910.375
2919,222437.421875
