experiment,feature
EXP-01,TotalSF
EXP-02,TotalSF
EXP-02,TotalBathrooms
EXP-02,TotalPorchSF
EXP-03,TotalSF
EXP-03,TotalBathrooms
EXP-03,TotalPorchSF
EXP-03,HouseAge
EXP-03,RemodAge
EXP-03,GarageAge
EXP-04,OverallQual
EXP-04,TotalSF
EXP-04,OverallCond
EXP-04,GarageArea
EXP-04,GarageCars
EXP-04,LotArea
EXP-04,GrLivArea
EXP-04,BsmtFinSF1
EXP-04,RemodAge
EXP-04,TotalBathrooms
EXP-04,1stFlrSF
EXP-04,HouseAge
EXP-04,YearBuilt
EXP-04,BsmtUnfSF
EXP-04,YearRemodAdd
EXP-04,LotFrontage
EXP-04,TotalBsmtSF
EXP-04,TotalPorchSF
EXP-04,2ndFlrSF
