experiment,features,selection,config,n_features,cv_rmse_log,cv_rmse,cv_mae,cv_bias,cv_max_dev,cv_rmse_log_std
EXP-00,original,False,baseline,288,0.13421905040740967,24784.62421875,16655.9154296875,-677.0634582519531,149134.134375,0.00787674831456024
EXP-00,original,False,tuned,288,0.11243266761302947,20404.797265625,13372.2583984375,-1585.048568725586,133680.809375,0.00780564695272851
EXP-01,area,False,baseline,289,0.1313749924302101,24351.879296875,16460.62421875,-267.015234375,138620.084375,0.010452895464935521
EXP-01,area,False,tuned,289,0.11218226104974746,20165.825390625,13242.001953125,-1534.8551956176757,132733.784375,0.007665794624557322
EXP-02,area+bath_porch,False,baseline,291,0.13846746385097503,25021.3640625,16979.1044921875,-1066.1372301101685,142037.671875,0.009371385030778718
EXP-02,area+bath_porch,False,tuned,291,0.11224827468395233,20171.040234375,13248.7634765625,-1510.092251586914,132487.925,0.007617053156145846
EXP-03,area+bath_porch+age,False,baseline,294,0.13337161689996718,24478.990625,16653.1265625,-870.9254028320313,135860.853125,0.011950451577701218
EXP-03,area+bath_porch+age,False,tuned,294,0.11192022562026978,20113.757421875,13175.6896484375,-1530.4205764770509,131960.965625,0.0076428387716042465
EXP-04,area+bath_porch+age,True,baseline,204,0.13899243175983428,24668.351171875,16871.013671875,-588.73974609375,134886.465625,0.005418464060209759
EXP-04,area+bath_porch+age,True,tuned,204,0.11555789858102798,20500.44921875,13575.431640625,-1514.8865814208984,133794.671875,0.0046587921065322675
EXP-05,area+bath_porch+age,False,tuned (5 seeds),294,0.11190200299024582,20106.4515625,13174.240234375,-1508.032907104492,131713.984375,0.007659173969062944