feature,importance,selected_exp04,threshold
OverallQual,0.45549822793649747,True,0.005952380952380952
TotalSF,0.3202332106466345,True,0.005952380952380952
OverallCond,0.016769290973887185,True,0.005952380952380952
GarageArea,0.01610829483040175,True,0.005952380952380952
GarageCars,0.014546381402668883,True,0.005952380952380952
LotArea,0.013380624250987613,True,0.005952380952380952
GrLivArea,0.013253935785810002,True,0.005952380952380952
BsmtFinSF1,0.013019619412132455,True,0.005952380952380952
RemodAge,0.012878167073871162,True,0.005952380952380952
TotalBathrooms,0.011245260019692494,True,0.005952380952380952
1stFlrSF,0.01068470052782734,True,0.005952380952380952
HouseAge,0.010141962043158108,True,0.005952380952380952
YearBuilt,0.008637620201068928,True,0.005952380952380952
BsmtUnfSF,0.008442323937315891,True,0.005952380952380952
YearRemodAdd,0.007821733524170045,True,0.005952380952380952
LotFrontage,0.006774535028720594,True,0.005952380952380952
TotalBsmtSF,0.006218135549509015,True,0.005952380952380952
TotalPorchSF,0.006146136376208824,True,0.005952380952380952
2ndFlrSF,0.006018071014599506,True,0.005952380952380952
Fireplaces,0.004732101517585535,False,0.005952380952380952
OpenPorchSF,0.004414938226688409,False,0.005952380952380952
GarageYrBlt,0.004105911486678721,False,0.005952380952380952
MoSold,0.004101937106882279,False,0.005952380952380952
GarageAge,0.003941165283538145,False,0.005952380952380952
MSSubClass,0.0026739675051449248,False,0.005952380952380952
WoodDeckSF,0.0026428067599518937,False,0.005952380952380952
EnclosedPorch,0.0024431571362862987,False,0.005952380952380952
MasVnrArea,0.002264875959304371,False,0.005952380952380952
TotRmsAbvGrd,0.0019518492176333123,False,0.005952380952380952
YrSold,0.001771029189683602,False,0.005952380952380952
BedroomAbvGr,0.0014997791130884467,False,0.005952380952380952
FullBath,0.0012175381522657146,False,0.005952380952380952
KitchenAbvGr,0.0010397286162150937,False,0.005952380952380952
BsmtFullBath,0.0006322218788804215,False,0.005952380952380952
HalfBath,0.0006088659808006572,False,0.005952380952380952
ScreenPorch,0.0005056869735492581,False,0.005952380952380952
BsmtFinSF2,0.0004983407541716962,False,0.005952380952380952
BsmtHalfBath,0.0003388987639094933,False,0.005952380952380952
MiscVal,0.0003378774509729203,False,0.005952380952380952
3SsnPorch,0.0002047341020525657,False,0.005952380952380952
PoolArea,0.00016437326168093708,False,0.005952380952380952
LowQualFinSF,8.998502787358446e-05,False,0.005952380952380952
